{
  "ABIRoot": {
    "kind": "Root",
    "name": "TopLevel",
    "printedName": "TopLevel",
    "children": [
      {
        "kind": "Import",
        "name": "Foundation",
        "printedName": "Foundation",
        "declKind": "Import",
        "moduleName": "ScateSDK",
        "declAttributes": [
          "RawDocComment"
        ]
      },
      {
        "kind": "Import",
        "name": "Security",
        "printedName": "Security",
        "declKind": "Import",
        "moduleName": "ScateSDK"
      },
      {
        "kind": "Import",
        "name": "Foundation",
        "printedName": "Foundation",
        "declKind": "Import",
        "moduleName": "ScateSDK",
        "declAttributes": [
          "RawDocComment"
        ]
      },
      {
        "kind": "Import",
        "name": "Foundation",
        "printedName": "Foundation",
        "declKind": "Import",
        "moduleName": "ScateSDK",
        "declAttributes": [
          "RawDocComment"
        ]
      },
      {
        "kind": "Import",
        "name": "Foundation",
        "printedName": "Foundation",
        "declKind": "Import",
        "moduleName": "ScateSDK",
        "declAttributes": [
          "RawDocComment"
        ]
      },
      {
        "kind": "Import",
        "name": "UIKit",
        "printedName": "UIKit",
        "declKind": "Import",
        "moduleName": "ScateSDK"
      },
      {
        "kind": "TypeDecl",
        "name": "ScateCoreSDK",
        "printedName": "ScateCoreSDK",
        "children": [
          {
            "kind": "Var",
            "name": "debug",
            "printedName": "debug",
            "children": [
              {
                "kind": "TypeNominal",
                "name": "Bool",
                "printedName": "Swift.Bool",
                "usr": "s:Sb"
              }
            ],
            "declKind": "Var",
            "usr": "c:@M@ScateSDK@objc(cs)ScateCoreSDK(cpy)debug",
            "mangledName": "$s8ScateSDK0a4CoreB0C5debugSbvpZ",
            "moduleName": "ScateSDK",
            "static": true,
            "declAttributes": [
              "HasInitialValue",
              "Final",
              "HasStorage",
              "AccessControl",
              "ObjC"
            ],
            "hasStorage": true,
            "accessors": [
              {
                "kind": "Accessor",
                "name": "Get",
                "printedName": "Get()",
                "children": [
                  {
                    "kind": "TypeNominal",
                    "name": "Bool",
                    "printedName": "Swift.Bool",
                    "usr": "s:Sb"
                  }
                ],
                "declKind": "Accessor",
                "usr": "c:@M@ScateSDK@objc(cs)ScateCoreSDK(cm)debug",
                "mangledName": "$s8ScateSDK0a4CoreB0C5debugSbvgZ",
                "moduleName": "ScateSDK",
                "static": true,
                "implicit": true,
                "declAttributes": [
                  "Final",
                  "ObjC"
                ],
                "accessorKind": "get"
              },
              {
                "kind": "Accessor",
                "name": "Set",
                "printedName": "Set()",
                "children": [
                  {
                    "kind": "TypeNominal",
                    "name": "Void",
                    "printedName": "()"
                  },
                  {
                    "kind": "TypeNominal",
                    "name": "Bool",
                    "printedName": "Swift.Bool",
                    "usr": "s:Sb"
                  }
                ],
                "declKind": "Accessor",
                "usr": "c:@M@ScateSDK@objc(cs)ScateCoreSDK(cm)setDebug:",
                "mangledName": "$s8ScateSDK0a4CoreB0C5debugSbvsZ",
                "moduleName": "ScateSDK",
                "static": true,
                "implicit": true,
                "declAttributes": [
                  "Final",
                  "ObjC"
                ],
                "accessorKind": "set"
              },
              {
                "kind": "Accessor",
                "name": "Modify",
                "printedName": "Modify()",
                "children": [
                  {
                    "kind": "TypeNominal",
                    "name": "Void",
                    "printedName": "()"
                  }
                ],
                "declKind": "Accessor",
                "usr": "s:8ScateSDK0a4CoreB0C5debugSbvMZ",
                "mangledName": "$s8ScateSDK0a4CoreB0C5debugSbvMZ",
                "moduleName": "ScateSDK",
                "static": true,
                "implicit": true,
                "declAttributes": [
                  "Final"
                ],
                "accessorKind": "_modify"
              }
            ]
          },
          {
            "kind": "Function",
            "name": "Init",
            "printedName": "Init(gameID:)",
            "children": [
              {
                "kind": "TypeNominal",
                "name": "Void",
                "printedName": "()"
              },
              {
                "kind": "TypeNominal",
                "name": "String",
                "printedName": "Swift.String",
                "usr": "s:SS"
              }
            ],
            "declKind": "Func",
            "usr": "c:@M@ScateSDK@objc(cs)ScateCoreSDK(cm)InitWithGameID:",
            "mangledName": "$s8ScateSDK0a4CoreB0C4Init6gameIDySS_tFZ",
            "moduleName": "ScateSDK",
            "static": true,
            "objc_name": "InitWithGameID:",
            "declAttributes": [
              "Final",
              "AccessControl",
              "ObjC"
            ],
            "funcSelfKind": "NonMutating"
          },
          {
            "kind": "Function",
            "name": "CurrentTimestamp",
            "printedName": "CurrentTimestamp()",
            "children": [
              {
                "kind": "TypeNominal",
                "name": "UInt64",
                "printedName": "Swift.UInt64",
                "usr": "s:s6UInt64V"
              }
            ],
            "declKind": "Func",
            "usr": "s:8ScateSDK0a4CoreB0C16CurrentTimestamps6UInt64VyFZ",
            "mangledName": "$s8ScateSDK0a4CoreB0C16CurrentTimestamps6UInt64VyFZ",
            "moduleName": "ScateSDK",
            "static": true,
            "declAttributes": [
              "Final",
              "AccessControl"
            ],
            "funcSelfKind": "NonMutating"
          },
          {
            "kind": "Function",
            "name": "Event",
            "printedName": "Event(name:customValue:)",
            "children": [
              {
                "kind": "TypeNominal",
                "name": "Void",
                "printedName": "()"
              },
              {
                "kind": "TypeNominal",
                "name": "String",
                "printedName": "Swift.String",
                "usr": "s:SS"
              },
              {
                "kind": "TypeNominal",
                "name": "Optional",
                "printedName": "Swift.String?",
                "children": [
                  {
                    "kind": "TypeNominal",
                    "name": "String",
                    "printedName": "Swift.String",
                    "usr": "s:SS"
                  }
                ],
                "usr": "s:Sq"
              }
            ],
            "declKind": "Func",
            "usr": "c:@M@ScateSDK@objc(cs)ScateCoreSDK(cm)EventWithName:customValue:",
            "mangledName": "$s8ScateSDK0a4CoreB0C5Event4name11customValueySS_SSSgtFZ",
            "moduleName": "ScateSDK",
            "static": true,
            "objc_name": "EventWithName:customValue:",
            "declAttributes": [
              "Final",
              "AccessControl",
              "ObjC"
            ],
            "funcSelfKind": "NonMutating"
          },
          {
            "kind": "Function",
            "name": "Event",
            "printedName": "Event(name:startTime:endtime:customValue:)",
            "children": [
              {
                "kind": "TypeNominal",
                "name": "Void",
                "printedName": "()"
              },
              {
                "kind": "TypeNominal",
                "name": "String",
                "printedName": "Swift.String",
                "usr": "s:SS"
              },
              {
                "kind": "TypeNominal",
                "name": "UInt64",
                "printedName": "Swift.UInt64",
                "usr": "s:s6UInt64V"
              },
              {
                "kind": "TypeNominal",
                "name": "UInt64",
                "printedName": "Swift.UInt64",
                "usr": "s:s6UInt64V"
              },
              {
                "kind": "TypeNominal",
                "name": "Optional",
                "printedName": "Swift.String?",
                "children": [
                  {
                    "kind": "TypeNominal",
                    "name": "String",
                    "printedName": "Swift.String",
                    "usr": "s:SS"
                  }
                ],
                "usr": "s:Sq"
              }
            ],
            "declKind": "Func",
            "usr": "c:@M@ScateSDK@objc(cs)ScateCoreSDK(cm)EventWithName:startTime:endtime:customValue:",
            "mangledName": "$s8ScateSDK0a4CoreB0C5Event4name9startTime7endtime11customValueySS_s6UInt64VAJSSSgtFZ",
            "moduleName": "ScateSDK",
            "static": true,
            "objc_name": "EventWithName:startTime:endtime:customValue:",
            "declAttributes": [
              "Final",
              "AccessControl",
              "ObjC"
            ],
            "funcSelfKind": "NonMutating"
          },
          {
            "kind": "Function",
            "name": "Event",
            "printedName": "Event(name:)",
            "children": [
              {
                "kind": "TypeNominal",
                "name": "Void",
                "printedName": "()"
              },
              {
                "kind": "TypeNominal",
                "name": "String",
                "printedName": "Swift.String",
                "usr": "s:SS"
              }
            ],
            "declKind": "Func",
            "usr": "c:@M@ScateSDK@objc(cs)ScateCoreSDK(cm)EventWithName:",
            "mangledName": "$s8ScateSDK0a4CoreB0C5Event4nameySS_tFZ",
            "moduleName": "ScateSDK",
            "static": true,
            "objc_name": "EventWithName:",
            "declAttributes": [
              "Final",
              "AccessControl",
              "ObjC"
            ],
            "funcSelfKind": "NonMutating"
          },
          {
            "kind": "Function",
            "name": "SetAdid",
            "printedName": "SetAdid(adid:)",
            "children": [
              {
                "kind": "TypeNominal",
                "name": "Void",
                "printedName": "()"
              },
              {
                "kind": "TypeNominal",
                "name": "String",
                "printedName": "Swift.String",
                "usr": "s:SS"
              }
            ],
            "declKind": "Func",
            "usr": "s:8ScateSDK0a4CoreB0C7SetAdid4adidySS_tFZ",
            "mangledName": "$s8ScateSDK0a4CoreB0C7SetAdid4adidySS_tFZ",
            "moduleName": "ScateSDK",
            "static": true,
            "declAttributes": [
              "Final",
              "AccessControl"
            ],
            "funcSelfKind": "NonMutating"
          },
          {
            "kind": "Function",
            "name": "GetAdid",
            "printedName": "GetAdid()",
            "children": [
              {
                "kind": "TypeNominal",
                "name": "Optional",
                "printedName": "Swift.String?",
                "children": [
                  {
                    "kind": "TypeNominal",
                    "name": "String",
                    "printedName": "Swift.String",
                    "usr": "s:SS"
                  }
                ],
                "usr": "s:Sq"
              }
            ],
            "declKind": "Func",
            "usr": "s:8ScateSDK0a4CoreB0C7GetAdidSSSgyFZ",
            "mangledName": "$s8ScateSDK0a4CoreB0C7GetAdidSSSgyFZ",
            "moduleName": "ScateSDK",
            "static": true,
            "declAttributes": [
              "Final",
              "AccessControl"
            ],
            "funcSelfKind": "NonMutating"
          },
          {
            "kind": "Function",
            "name": "GetUserID",
            "printedName": "GetUserID()",
            "children": [
              {
                "kind": "TypeNominal",
                "name": "Optional",
                "printedName": "Swift.String?",
                "children": [
                  {
                    "kind": "TypeNominal",
                    "name": "String",
                    "printedName": "Swift.String",
                    "usr": "s:SS"
                  }
                ],
                "usr": "s:Sq"
              }
            ],
            "declKind": "Func",
            "usr": "s:8ScateSDK0a4CoreB0C9GetUserIDSSSgyFZ",
            "mangledName": "$s8ScateSDK0a4CoreB0C9GetUserIDSSSgyFZ",
            "moduleName": "ScateSDK",
            "static": true,
            "declAttributes": [
              "Final",
              "AccessControl"
            ],
            "funcSelfKind": "NonMutating"
          },
          {
            "kind": "Function",
            "name": "GetInstallTime",
            "printedName": "GetInstallTime()",
            "children": [
              {
                "kind": "TypeNominal",
                "name": "Optional",
                "printedName": "Swift.UInt64?",
                "children": [
                  {
                    "kind": "TypeNominal",
                    "name": "UInt64",
                    "printedName": "Swift.UInt64",
                    "usr": "s:s6UInt64V"
                  }
                ],
                "usr": "s:Sq"
              }
            ],
            "declKind": "Func",
            "usr": "s:8ScateSDK0a4CoreB0C14GetInstallTimes6UInt64VSgyFZ",
            "mangledName": "$s8ScateSDK0a4CoreB0C14GetInstallTimes6UInt64VSgyFZ",
            "moduleName": "ScateSDK",
            "static": true,
            "declAttributes": [
              "Final",
              "AccessControl"
            ],
            "funcSelfKind": "NonMutating"
          },
          {
            "kind": "Function",
            "name": "GetGameID",
            "printedName": "GetGameID()",
            "children": [
              {
                "kind": "TypeNominal",
                "name": "Optional",
                "printedName": "Swift.String?",
                "children": [
                  {
                    "kind": "TypeNominal",
                    "name": "String",
                    "printedName": "Swift.String",
                    "usr": "s:SS"
                  }
                ],
                "usr": "s:Sq"
              }
            ],
            "declKind": "Func",
            "usr": "s:8ScateSDK0a4CoreB0C9GetGameIDSSSgyFZ",
            "mangledName": "$s8ScateSDK0a4CoreB0C9GetGameIDSSSgyFZ",
            "moduleName": "ScateSDK",
            "static": true,
            "declAttributes": [
              "Final",
              "AccessControl"
            ],
            "funcSelfKind": "NonMutating"
          }
        ],
        "declKind": "Class",
        "usr": "c:@M@ScateSDK@objc(cs)ScateCoreSDK",
        "mangledName": "$s8ScateSDK0a4CoreB0C",
        "moduleName": "ScateSDK",
        "declAttributes": [
          "AccessControl",
          "ObjC"
        ],
        "superclassUsr": "c:objc(cs)NSObject",
        "hasMissingDesignatedInitializers": true,
        "inheritsConvenienceInitializers": true,
        "superclassNames": [
          "ObjectiveC.NSObject"
        ],
        "conformances": [
          {
            "kind": "Conformance",
            "name": "Equatable",
            "printedName": "Equatable",
            "usr": "s:SQ",
            "mangledName": "$sSQ"
          },
          {
            "kind": "Conformance",
            "name": "Hashable",
            "printedName": "Hashable",
            "usr": "s:SH",
            "mangledName": "$sSH"
          },
          {
            "kind": "Conformance",
            "name": "CVarArg",
            "printedName": "CVarArg",
            "usr": "s:s7CVarArgP",
            "mangledName": "$ss7CVarArgP"
          },
          {
            "kind": "Conformance",
            "name": "_KeyValueCodingAndObservingPublishing",
            "printedName": "_KeyValueCodingAndObservingPublishing",
            "usr": "s:10Foundation37_KeyValueCodingAndObservingPublishingP",
            "mangledName": "$s10Foundation37_KeyValueCodingAndObservingPublishingP"
          },
          {
            "kind": "Conformance",
            "name": "_KeyValueCodingAndObserving",
            "printedName": "_KeyValueCodingAndObserving",
            "usr": "s:10Foundation27_KeyValueCodingAndObservingP",
            "mangledName": "$s10Foundation27_KeyValueCodingAndObservingP"
          },
          {
            "kind": "Conformance",
            "name": "CustomStringConvertible",
            "printedName": "CustomStringConvertible",
            "usr": "s:s23CustomStringConvertibleP",
            "mangledName": "$ss23CustomStringConvertibleP"
          },
          {
            "kind": "Conformance",
            "name": "CustomDebugStringConvertible",
            "printedName": "CustomDebugStringConvertible",
            "usr": "s:s28CustomDebugStringConvertibleP",
            "mangledName": "$ss28CustomDebugStringConvertibleP"
          }
        ]
      },
      {
        "kind": "Import",
        "name": "Foundation",
        "printedName": "Foundation",
        "declKind": "Import",
        "moduleName": "ScateSDK",
        "declAttributes": [
          "RawDocComment"
        ]
      },
      {
        "kind": "TypeDecl",
        "name": "ULID",
        "printedName": "ULID",
        "children": [
          {
            "kind": "Var",
            "name": "ulid",
            "printedName": "ulid",
            "children": [
              {
                "kind": "TypeNominal",
                "name": "Tuple",
                "printedName": "(Swift.UInt8, Swift.UInt8, Swift.UInt8, Swift.UInt8, Swift.UInt8, Swift.UInt8, Swift.UInt8, Swift.UInt8, Swift.UInt8, Swift.UInt8, Swift.UInt8, Swift.UInt8, Swift.UInt8, Swift.UInt8, Swift.UInt8, Swift.UInt8)",
                "children": [
                  {
                    "kind": "TypeNominal",
                    "name": "UInt8",
                    "printedName": "Swift.UInt8",
                    "usr": "s:s5UInt8V"
                  },
                  {
                    "kind": "TypeNominal",
                    "name": "UInt8",
                    "printedName": "Swift.UInt8",
                    "usr": "s:s5UInt8V"
                  },
                  {
                    "kind": "TypeNominal",
                    "name": "UInt8",
                    "printedName": "Swift.UInt8",
                    "usr": "s:s5UInt8V"
                  },
                  {
                    "kind": "TypeNominal",
                    "name": "UInt8",
                    "printedName": "Swift.UInt8",
                    "usr": "s:s5UInt8V"
                  },
                  {
                    "kind": "TypeNominal",
                    "name": "UInt8",
                    "printedName": "Swift.UInt8",
                    "usr": "s:s5UInt8V"
                  },
                  {
                    "kind": "TypeNominal",
                    "name": "UInt8",
                    "printedName": "Swift.UInt8",
                    "usr": "s:s5UInt8V"
                  },
                  {
                    "kind": "TypeNominal",
                    "name": "UInt8",
                    "printedName": "Swift.UInt8",
                    "usr": "s:s5UInt8V"
                  },
                  {
                    "kind": "TypeNominal",
                    "name": "UInt8",
                    "printedName": "Swift.UInt8",
                    "usr": "s:s5UInt8V"
                  },
                  {
                    "kind": "TypeNominal",
                    "name": "UInt8",
                    "printedName": "Swift.UInt8",
                    "usr": "s:s5UInt8V"
                  },
                  {
                    "kind": "TypeNominal",
                    "name": "UInt8",
                    "printedName": "Swift.UInt8",
                    "usr": "s:s5UInt8V"
                  },
                  {
                    "kind": "TypeNominal",
                    "name": "UInt8",
                    "printedName": "Swift.UInt8",
                    "usr": "s:s5UInt8V"
                  },
                  {
                    "kind": "TypeNominal",
                    "name": "UInt8",
                    "printedName": "Swift.UInt8",
                    "usr": "s:s5UInt8V"
                  },
                  {
                    "kind": "TypeNominal",
                    "name": "UInt8",
                    "printedName": "Swift.UInt8",
                    "usr": "s:s5UInt8V"
                  },
                  {
                    "kind": "TypeNominal",
                    "name": "UInt8",
                    "printedName": "Swift.UInt8",
                    "usr": "s:s5UInt8V"
                  },
                  {
                    "kind": "TypeNominal",
                    "name": "UInt8",
                    "printedName": "Swift.UInt8",
                    "usr": "s:s5UInt8V"
                  },
                  {
                    "kind": "TypeNominal",
                    "name": "UInt8",
                    "printedName": "Swift.UInt8",
                    "usr": "s:s5UInt8V"
                  }
                ]
              }
            ],
            "declKind": "Var",
            "usr": "s:8ScateSDK4ULIDV4ulids5UInt8V_A15Ftvp",
            "mangledName": "$s8ScateSDK4ULIDV4ulids5UInt8V_A15Ftvp",
            "moduleName": "ScateSDK",
            "declAttributes": [
              "HasInitialValue",
              "HasStorage",
              "SetterAccess",
              "AccessControl"
            ],
            "hasStorage": true,
            "accessors": [
              {
                "kind": "Accessor",
                "name": "Get",
                "printedName": "Get()",
                "children": [
                  {
                    "kind": "TypeNominal",
                    "name": "Tuple",
                    "printedName": "(Swift.UInt8, Swift.UInt8, Swift.UInt8, Swift.UInt8, Swift.UInt8, Swift.UInt8, Swift.UInt8, Swift.UInt8, Swift.UInt8, Swift.UInt8, Swift.UInt8, Swift.UInt8, Swift.UInt8, Swift.UInt8, Swift.UInt8, Swift.UInt8)",
                    "children": [
                      {
                        "kind": "TypeNominal",
                        "name": "UInt8",
                        "printedName": "Swift.UInt8",
                        "usr": "s:s5UInt8V"
                      },
                      {
                        "kind": "TypeNominal",
                        "name": "UInt8",
                        "printedName": "Swift.UInt8",
                        "usr": "s:s5UInt8V"
                      },
                      {
                        "kind": "TypeNominal",
                        "name": "UInt8",
                        "printedName": "Swift.UInt8",
                        "usr": "s:s5UInt8V"
                      },
                      {
                        "kind": "TypeNominal",
                        "name": "UInt8",
                        "printedName": "Swift.UInt8",
                        "usr": "s:s5UInt8V"
                      },
                      {
                        "kind": "TypeNominal",
                        "name": "UInt8",
                        "printedName": "Swift.UInt8",
                        "usr": "s:s5UInt8V"
                      },
                      {
                        "kind": "TypeNominal",
                        "name": "UInt8",
                        "printedName": "Swift.UInt8",
                        "usr": "s:s5UInt8V"
                      },
                      {
                        "kind": "TypeNominal",
                        "name": "UInt8",
                        "printedName": "Swift.UInt8",
                        "usr": "s:s5UInt8V"
                      },
                      {
                        "kind": "TypeNominal",
                        "name": "UInt8",
                        "printedName": "Swift.UInt8",
                        "usr": "s:s5UInt8V"
                      },
                      {
                        "kind": "TypeNominal",
                        "name": "UInt8",
                        "printedName": "Swift.UInt8",
                        "usr": "s:s5UInt8V"
                      },
                      {
                        "kind": "TypeNominal",
                        "name": "UInt8",
                        "printedName": "Swift.UInt8",
                        "usr": "s:s5UInt8V"
                      },
                      {
                        "kind": "TypeNominal",
                        "name": "UInt8",
                        "printedName": "Swift.UInt8",
                        "usr": "s:s5UInt8V"
                      },
                      {
                        "kind": "TypeNominal",
                        "name": "UInt8",
                        "printedName": "Swift.UInt8",
                        "usr": "s:s5UInt8V"
                      },
                      {
                        "kind": "TypeNominal",
                        "name": "UInt8",
                        "printedName": "Swift.UInt8",
                        "usr": "s:s5UInt8V"
                      },
                      {
                        "kind": "TypeNominal",
                        "name": "UInt8",
                        "printedName": "Swift.UInt8",
                        "usr": "s:s5UInt8V"
                      },
                      {
                        "kind": "TypeNominal",
                        "name": "UInt8",
                        "printedName": "Swift.UInt8",
                        "usr": "s:s5UInt8V"
                      },
                      {
                        "kind": "TypeNominal",
                        "name": "UInt8",
                        "printedName": "Swift.UInt8",
                        "usr": "s:s5UInt8V"
                      }
                    ]
                  }
                ],
                "declKind": "Accessor",
                "usr": "s:8ScateSDK4ULIDV4ulids5UInt8V_A15Ftvg",
                "mangledName": "$s8ScateSDK4ULIDV4ulids5UInt8V_A15Ftvg",
                "moduleName": "ScateSDK",
                "implicit": true,
                "accessorKind": "get"
              }
            ]
          },
          {
            "kind": "Constructor",
            "name": "init",
            "printedName": "init(ulid:)",
            "children": [
              {
                "kind": "TypeNominal",
                "name": "ULID",
                "printedName": "ScateSDK.ULID",
                "usr": "s:8ScateSDK4ULIDV"
              },
              {
                "kind": "TypeNominal",
                "name": "Tuple",
                "printedName": "(Swift.UInt8, Swift.UInt8, Swift.UInt8, Swift.UInt8, Swift.UInt8, Swift.UInt8, Swift.UInt8, Swift.UInt8, Swift.UInt8, Swift.UInt8, Swift.UInt8, Swift.UInt8, Swift.UInt8, Swift.UInt8, Swift.UInt8, Swift.UInt8)",
                "children": [
                  {
                    "kind": "TypeNominal",
                    "name": "UInt8",
                    "printedName": "Swift.UInt8",
                    "usr": "s:s5UInt8V"
                  },
                  {
                    "kind": "TypeNominal",
                    "name": "UInt8",
                    "printedName": "Swift.UInt8",
                    "usr": "s:s5UInt8V"
                  },
                  {
                    "kind": "TypeNominal",
                    "name": "UInt8",
                    "printedName": "Swift.UInt8",
                    "usr": "s:s5UInt8V"
                  },
                  {
                    "kind": "TypeNominal",
                    "name": "UInt8",
                    "printedName": "Swift.UInt8",
                    "usr": "s:s5UInt8V"
                  },
                  {
                    "kind": "TypeNominal",
                    "name": "UInt8",
                    "printedName": "Swift.UInt8",
                    "usr": "s:s5UInt8V"
                  },
                  {
                    "kind": "TypeNominal",
                    "name": "UInt8",
                    "printedName": "Swift.UInt8",
                    "usr": "s:s5UInt8V"
                  },
                  {
                    "kind": "TypeNominal",
                    "name": "UInt8",
                    "printedName": "Swift.UInt8",
                    "usr": "s:s5UInt8V"
                  },
                  {
                    "kind": "TypeNominal",
                    "name": "UInt8",
                    "printedName": "Swift.UInt8",
                    "usr": "s:s5UInt8V"
                  },
                  {
                    "kind": "TypeNominal",
                    "name": "UInt8",
                    "printedName": "Swift.UInt8",
                    "usr": "s:s5UInt8V"
                  },
                  {
                    "kind": "TypeNominal",
                    "name": "UInt8",
                    "printedName": "Swift.UInt8",
                    "usr": "s:s5UInt8V"
                  },
                  {
                    "kind": "TypeNominal",
                    "name": "UInt8",
                    "printedName": "Swift.UInt8",
                    "usr": "s:s5UInt8V"
                  },
                  {
                    "kind": "TypeNominal",
                    "name": "UInt8",
                    "printedName": "Swift.UInt8",
                    "usr": "s:s5UInt8V"
                  },
                  {
                    "kind": "TypeNominal",
                    "name": "UInt8",
                    "printedName": "Swift.UInt8",
                    "usr": "s:s5UInt8V"
                  },
                  {
                    "kind": "TypeNominal",
                    "name": "UInt8",
                    "printedName": "Swift.UInt8",
                    "usr": "s:s5UInt8V"
                  },
                  {
                    "kind": "TypeNominal",
                    "name": "UInt8",
                    "printedName": "Swift.UInt8",
                    "usr": "s:s5UInt8V"
                  },
                  {
                    "kind": "TypeNominal",
                    "name": "UInt8",
                    "printedName": "Swift.UInt8",
                    "usr": "s:s5UInt8V"
                  }
                ]
              }
            ],
            "declKind": "Constructor",
            "usr": "s:8ScateSDK4ULIDV4ulidACs5UInt8V_A15Ft_tcfc",
            "mangledName": "$s8ScateSDK4ULIDV4ulidACs5UInt8V_A15Ft_tcfc",
            "moduleName": "ScateSDK",
            "declAttributes": [
              "AccessControl",
              "RawDocComment"
            ],
            "init_kind": "Designated"
          },
          {
            "kind": "Constructor",
            "name": "init",
            "printedName": "init(ulidData:)",
            "children": [
              {
                "kind": "TypeNominal",
                "name": "Optional",
                "printedName": "ScateSDK.ULID?",
                "children": [
                  {
                    "kind": "TypeNominal",
                    "name": "ULID",
                    "printedName": "ScateSDK.ULID",
                    "usr": "s:8ScateSDK4ULIDV"
                  }
                ],
                "usr": "s:Sq"
              },
              {
                "kind": "TypeNominal",
                "name": "Data",
                "printedName": "Foundation.Data",
                "usr": "s:10Foundation4DataV"
              }
            ],
            "declKind": "Constructor",
            "usr": "s:8ScateSDK4ULIDV8ulidDataACSg10Foundation0E0V_tcfc",
            "mangledName": "$s8ScateSDK4ULIDV8ulidDataACSg10Foundation0E0V_tcfc",
            "moduleName": "ScateSDK",
            "declAttributes": [
              "AccessControl",
              "RawDocComment"
            ],
            "init_kind": "Designated"
          },
          {
            "kind": "Constructor",
            "name": "init",
            "printedName": "init(ulidString:)",
            "children": [
              {
                "kind": "TypeNominal",
                "name": "Optional",
                "printedName": "ScateSDK.ULID?",
                "children": [
                  {
                    "kind": "TypeNominal",
                    "name": "ULID",
                    "printedName": "ScateSDK.ULID",
                    "usr": "s:8ScateSDK4ULIDV"
                  }
                ],
                "usr": "s:Sq"
              },
              {
                "kind": "TypeNominal",
                "name": "String",
                "printedName": "Swift.String",
                "usr": "s:SS"
              }
            ],
            "declKind": "Constructor",
            "usr": "s:8ScateSDK4ULIDV10ulidStringACSgSS_tcfc",
            "mangledName": "$s8ScateSDK4ULIDV10ulidStringACSgSS_tcfc",
            "moduleName": "ScateSDK",
            "declAttributes": [
              "AccessControl",
              "RawDocComment"
            ],
            "init_kind": "Designated"
          },
          {
            "kind": "Constructor",
            "name": "init",
            "printedName": "init(timestamp:randomPartData:)",
            "children": [
              {
                "kind": "TypeNominal",
                "name": "Optional",
                "printedName": "ScateSDK.ULID?",
                "children": [
                  {
                    "kind": "TypeNominal",
                    "name": "ULID",
                    "printedName": "ScateSDK.ULID",
                    "usr": "s:8ScateSDK4ULIDV"
                  }
                ],
                "usr": "s:Sq"
              },
              {
                "kind": "TypeNominal",
                "name": "Date",
                "printedName": "Foundation.Date",
                "hasDefaultArg": true,
                "usr": "s:10Foundation4DateV"
              },
              {
                "kind": "TypeNominal",
                "name": "Data",
                "printedName": "Foundation.Data",
                "usr": "s:10Foundation4DataV"
              }
            ],
            "declKind": "Constructor",
            "usr": "s:8ScateSDK4ULIDV9timestamp14randomPartDataACSg10Foundation4DateV_AG0G0Vtcfc",
            "mangledName": "$s8ScateSDK4ULIDV9timestamp14randomPartDataACSg10Foundation4DateV_AG0G0Vtcfc",
            "moduleName": "ScateSDK",
            "declAttributes": [
              "AccessControl",
              "RawDocComment"
            ],
            "init_kind": "Designated"
          },
          {
            "kind": "Constructor",
            "name": "init",
            "printedName": "init(timestamp:generator:)",
            "children": [
              {
                "kind": "TypeNominal",
                "name": "ULID",
                "printedName": "ScateSDK.ULID",
                "usr": "s:8ScateSDK4ULIDV"
              },
              {
                "kind": "TypeNominal",
                "name": "Date",
                "printedName": "Foundation.Date",
                "usr": "s:10Foundation4DateV"
              },
              {
                "kind": "TypeNominal",
                "name": "GenericTypeParam",
                "printedName": "τ_0_0",
                "paramValueOwnership": "InOut"
              }
            ],
            "declKind": "Constructor",
            "usr": "s:8ScateSDK4ULIDV9timestamp9generatorAC10Foundation4DateV_xztcSGRzlufc",
            "mangledName": "$s8ScateSDK4ULIDV9timestamp9generatorAC10Foundation4DateV_xztcSGRzlufc",
            "moduleName": "ScateSDK",
            "genericSig": "<τ_0_0 where τ_0_0 : Swift.RandomNumberGenerator>",
            "sugared_genericSig": "<T where T : Swift.RandomNumberGenerator>",
            "declAttributes": [
              "AccessControl",
              "RawDocComment"
            ],
            "init_kind": "Designated"
          },
          {
            "kind": "Constructor",
            "name": "init",
            "printedName": "init(timestamp:)",
            "children": [
              {
                "kind": "TypeNominal",
                "name": "ULID",
                "printedName": "ScateSDK.ULID",
                "usr": "s:8ScateSDK4ULIDV"
              },
              {
                "kind": "TypeNominal",
                "name": "Date",
                "printedName": "Foundation.Date",
                "hasDefaultArg": true,
                "usr": "s:10Foundation4DateV"
              }
            ],
            "declKind": "Constructor",
            "usr": "s:8ScateSDK4ULIDV9timestampAC10Foundation4DateV_tcfc",
            "mangledName": "$s8ScateSDK4ULIDV9timestampAC10Foundation4DateV_tcfc",
            "moduleName": "ScateSDK",
            "declAttributes": [
              "AccessControl",
              "RawDocComment"
            ],
            "init_kind": "Designated"
          },
          {
            "kind": "Var",
            "name": "ulidData",
            "printedName": "ulidData",
            "children": [
              {
                "kind": "TypeNominal",
                "name": "Data",
                "printedName": "Foundation.Data",
                "usr": "s:10Foundation4DataV"
              }
            ],
            "declKind": "Var",
            "usr": "s:8ScateSDK4ULIDV8ulidData10Foundation0E0Vvp",
            "mangledName": "$s8ScateSDK4ULIDV8ulidData10Foundation0E0Vvp",
            "moduleName": "ScateSDK",
            "declAttributes": [
              "AccessControl",
              "RawDocComment"
            ],
            "accessors": [
              {
                "kind": "Accessor",
                "name": "Get",
                "printedName": "Get()",
                "children": [
                  {
                    "kind": "TypeNominal",
                    "name": "Data",
                    "printedName": "Foundation.Data",
                    "usr": "s:10Foundation4DataV"
                  }
                ],
                "declKind": "Accessor",
                "usr": "s:8ScateSDK4ULIDV8ulidData10Foundation0E0Vvg",
                "mangledName": "$s8ScateSDK4ULIDV8ulidData10Foundation0E0Vvg",
                "moduleName": "ScateSDK",
                "accessorKind": "get"
              }
            ]
          },
          {
            "kind": "Var",
            "name": "ulidString",
            "printedName": "ulidString",
            "children": [
              {
                "kind": "TypeNominal",
                "name": "String",
                "printedName": "Swift.String",
                "usr": "s:SS"
              }
            ],
            "declKind": "Var",
            "usr": "s:8ScateSDK4ULIDV10ulidStringSSvp",
            "mangledName": "$s8ScateSDK4ULIDV10ulidStringSSvp",
            "moduleName": "ScateSDK",
            "declAttributes": [
              "AccessControl",
              "RawDocComment"
            ],
            "accessors": [
              {
                "kind": "Accessor",
                "name": "Get",
                "printedName": "Get()",
                "children": [
                  {
                    "kind": "TypeNominal",
                    "name": "String",
                    "printedName": "Swift.String",
                    "usr": "s:SS"
                  }
                ],
                "declKind": "Accessor",
                "usr": "s:8ScateSDK4ULIDV10ulidStringSSvg",
                "mangledName": "$s8ScateSDK4ULIDV10ulidStringSSvg",
                "moduleName": "ScateSDK",
                "accessorKind": "get"
              }
            ]
          },
          {
            "kind": "Var",
            "name": "timestamp",
            "printedName": "timestamp",
            "children": [
              {
                "kind": "TypeNominal",
                "name": "Date",
                "printedName": "Foundation.Date",
                "usr": "s:10Foundation4DateV"
              }
            ],
            "declKind": "Var",
            "usr": "s:8ScateSDK4ULIDV9timestamp10Foundation4DateVvp",
            "mangledName": "$s8ScateSDK4ULIDV9timestamp10Foundation4DateVvp",
            "moduleName": "ScateSDK",
            "declAttributes": [
              "AccessControl",
              "RawDocComment"
            ],
            "accessors": [
              {
                "kind": "Accessor",
                "name": "Get",
                "printedName": "Get()",
                "children": [
                  {
                    "kind": "TypeNominal",
                    "name": "Date",
                    "printedName": "Foundation.Date",
                    "usr": "s:10Foundation4DateV"
                  }
                ],
                "declKind": "Accessor",
                "usr": "s:8ScateSDK4ULIDV9timestamp10Foundation4DateVvg",
                "mangledName": "$s8ScateSDK4ULIDV9timestamp10Foundation4DateVvg",
                "moduleName": "ScateSDK",
                "accessorKind": "get"
              }
            ]
          },
          {
            "kind": "Function",
            "name": "hash",
            "printedName": "hash(into:)",
            "children": [
              {
                "kind": "TypeNominal",
                "name": "Void",
                "printedName": "()"
              },
              {
                "kind": "TypeNominal",
                "name": "Hasher",
                "printedName": "Swift.Hasher",
                "paramValueOwnership": "InOut",
                "usr": "s:s6HasherV"
              }
            ],
            "declKind": "Func",
            "usr": "s:8ScateSDK4ULIDV4hash4intoys6HasherVz_tF",
            "mangledName": "$s8ScateSDK4ULIDV4hash4intoys6HasherVz_tF",
            "moduleName": "ScateSDK",
            "declAttributes": [
              "AccessControl"
            ],
            "funcSelfKind": "NonMutating"
          },
          {
            "kind": "Function",
            "name": "==",
            "printedName": "==(_:_:)",
            "children": [
              {
                "kind": "TypeNominal",
                "name": "Bool",
                "printedName": "Swift.Bool",
                "usr": "s:Sb"
              },
              {
                "kind": "TypeNominal",
                "name": "ULID",
                "printedName": "ScateSDK.ULID",
                "usr": "s:8ScateSDK4ULIDV"
              },
              {
                "kind": "TypeNominal",
                "name": "ULID",
                "printedName": "ScateSDK.ULID",
                "usr": "s:8ScateSDK4ULIDV"
              }
            ],
            "declKind": "Func",
            "usr": "s:8ScateSDK4ULIDV2eeoiySbAC_ACtFZ",
            "mangledName": "$s8ScateSDK4ULIDV2eeoiySbAC_ACtFZ",
            "moduleName": "ScateSDK",
            "static": true,
            "declAttributes": [
              "AccessControl"
            ],
            "funcSelfKind": "NonMutating"
          },
          {
            "kind": "Function",
            "name": "<",
            "printedName": "<(_:_:)",
            "children": [
              {
                "kind": "TypeNominal",
                "name": "Bool",
                "printedName": "Swift.Bool",
                "usr": "s:Sb"
              },
              {
                "kind": "TypeNominal",
                "name": "ULID",
                "printedName": "ScateSDK.ULID",
                "usr": "s:8ScateSDK4ULIDV"
              },
              {
                "kind": "TypeNominal",
                "name": "ULID",
                "printedName": "ScateSDK.ULID",
                "usr": "s:8ScateSDK4ULIDV"
              }
            ],
            "declKind": "Func",
            "usr": "s:8ScateSDK4ULIDV1loiySbAC_ACtFZ",
            "mangledName": "$s8ScateSDK4ULIDV1loiySbAC_ACtFZ",
            "moduleName": "ScateSDK",
            "static": true,
            "declAttributes": [
              "AccessControl"
            ],
            "funcSelfKind": "NonMutating"
          },
          {
            "kind": "Var",
            "name": "description",
            "printedName": "description",
            "children": [
              {
                "kind": "TypeNominal",
                "name": "String",
                "printedName": "Swift.String",
                "usr": "s:SS"
              }
            ],
            "declKind": "Var",
            "usr": "s:8ScateSDK4ULIDV11descriptionSSvp",
            "mangledName": "$s8ScateSDK4ULIDV11descriptionSSvp",
            "moduleName": "ScateSDK",
            "declAttributes": [
              "AccessControl"
            ],
            "accessors": [
              {
                "kind": "Accessor",
                "name": "Get",
                "printedName": "Get()",
                "children": [
                  {
                    "kind": "TypeNominal",
                    "name": "String",
                    "printedName": "Swift.String",
                    "usr": "s:SS"
                  }
                ],
                "declKind": "Accessor",
                "usr": "s:8ScateSDK4ULIDV11descriptionSSvg",
                "mangledName": "$s8ScateSDK4ULIDV11descriptionSSvg",
                "moduleName": "ScateSDK",
                "accessorKind": "get"
              }
            ]
          },
          {
            "kind": "Var",
            "name": "hashValue",
            "printedName": "hashValue",
            "children": [
              {
                "kind": "TypeNominal",
                "name": "Int",
                "printedName": "Swift.Int",
                "usr": "s:Si"
              }
            ],
            "declKind": "Var",
            "usr": "s:8ScateSDK4ULIDV9hashValueSivp",
            "mangledName": "$s8ScateSDK4ULIDV9hashValueSivp",
            "moduleName": "ScateSDK",
            "implicit": true,
            "accessors": [
              {
                "kind": "Accessor",
                "name": "Get",
                "printedName": "Get()",
                "children": [
                  {
                    "kind": "TypeNominal",
                    "name": "Int",
                    "printedName": "Swift.Int",
                    "usr": "s:Si"
                  }
                ],
                "declKind": "Accessor",
                "usr": "s:8ScateSDK4ULIDV9hashValueSivg",
                "mangledName": "$s8ScateSDK4ULIDV9hashValueSivg",
                "moduleName": "ScateSDK",
                "implicit": true,
                "accessorKind": "get"
              }
            ]
          },
          {
            "kind": "Constructor",
            "name": "init",
            "printedName": "init(from:)",
            "children": [
              {
                "kind": "TypeNominal",
                "name": "ULID",
                "printedName": "ScateSDK.ULID",
                "usr": "s:8ScateSDK4ULIDV"
              },
              {
                "kind": "TypeNominal",
                "name": "Decoder",
                "printedName": "any Swift.Decoder",
                "usr": "s:s7DecoderP"
              }
            ],
            "declKind": "Constructor",
            "usr": "s:8ScateSDK4ULIDV4fromACs7Decoder_p_tKcfc",
            "mangledName": "$s8ScateSDK4ULIDV4fromACs7Decoder_p_tKcfc",
            "moduleName": "ScateSDK",
            "declAttributes": [
              "AccessControl"
            ],
            "isFromExtension": true,
            "throwing": true,
            "init_kind": "Designated"
          },
          {
            "kind": "Function",
            "name": "encode",
            "printedName": "encode(to:)",
            "children": [
              {
                "kind": "TypeNominal",
                "name": "Void",
                "printedName": "()"
              },
              {
                "kind": "TypeNominal",
                "name": "Encoder",
                "printedName": "any Swift.Encoder",
                "usr": "s:s7EncoderP"
              }
            ],
            "declKind": "Func",
            "usr": "s:8ScateSDK4ULIDV6encode2toys7Encoder_p_tKF",
            "mangledName": "$s8ScateSDK4ULIDV6encode2toys7Encoder_p_tKF",
            "moduleName": "ScateSDK",
            "declAttributes": [
              "AccessControl"
            ],
            "isFromExtension": true,
            "throwing": true,
            "funcSelfKind": "NonMutating"
          }
        ],
        "declKind": "Struct",
        "usr": "s:8ScateSDK4ULIDV",
        "mangledName": "$s8ScateSDK4ULIDV",
        "moduleName": "ScateSDK",
        "declAttributes": [
          "AccessControl",
          "RawDocComment"
        ],
        "conformances": [
          {
            "kind": "Conformance",
            "name": "Hashable",
            "printedName": "Hashable",
            "usr": "s:SH",
            "mangledName": "$sSH"
          },
          {
            "kind": "Conformance",
            "name": "Equatable",
            "printedName": "Equatable",
            "usr": "s:SQ",
            "mangledName": "$sSQ"
          },
          {
            "kind": "Conformance",
            "name": "Comparable",
            "printedName": "Comparable",
            "usr": "s:SL",
            "mangledName": "$sSL"
          },
          {
            "kind": "Conformance",
            "name": "CustomStringConvertible",
            "printedName": "CustomStringConvertible",
            "usr": "s:s23CustomStringConvertibleP",
            "mangledName": "$ss23CustomStringConvertibleP"
          },
          {
            "kind": "Conformance",
            "name": "Decodable",
            "printedName": "Decodable",
            "usr": "s:Se",
            "mangledName": "$sSe"
          },
          {
            "kind": "Conformance",
            "name": "Encodable",
            "printedName": "Encodable",
            "usr": "s:SE",
            "mangledName": "$sSE"
          }
        ]
      },
      {
        "kind": "Import",
        "name": "Foundation",
        "printedName": "Foundation",
        "declKind": "Import",
        "moduleName": "ScateSDK",
        "declAttributes": [
          "RawDocComment"
        ]
      },
      {
        "kind": "Import",
        "name": "Foundation",
        "printedName": "Foundation",
        "declKind": "Import",
        "moduleName": "ScateSDK",
        "declAttributes": [
          "RawDocComment"
        ]
      },
      {
        "kind": "Import",
        "name": "Foundation",
        "printedName": "Foundation",
        "declKind": "Import",
        "moduleName": "ScateSDK",
        "declAttributes": [
          "RawDocComment"
        ]
      },
      {
        "kind": "Import",
        "name": "UIKit",
        "printedName": "UIKit",
        "declKind": "Import",
        "moduleName": "ScateSDK"
      },
      {
        "kind": "Import",
        "name": "LocalAuthentication",
        "printedName": "LocalAuthentication",
        "declKind": "Import",
        "moduleName": "ScateSDK"
      },
      {
        "kind": "Import",
        "name": "AdSupport",
        "printedName": "AdSupport",
        "declKind": "Import",
        "moduleName": "ScateSDK"
      },
      {
        "kind": "Import",
        "name": "AppTrackingTransparency",
        "printedName": "AppTrackingTransparency",
        "declKind": "Import",
        "moduleName": "ScateSDK"
      },
      {
        "kind": "TypeDecl",
        "name": "BatteryState",
        "printedName": "BatteryState",
        "declKind": "Enum",
        "usr": "c:@E@UIDeviceBatteryState",
        "moduleName": "UIKit",
        "objc_name": "UIDeviceBatteryState",
        "declAttributes": [
          "SynthesizedProtocol",
          "ObjC",
          "SynthesizedProtocol",
          "Sendable",
          "NonSendable",
          "Dynamic"
        ],
        "isFromExtension": true,
        "enumRawTypeName": "Int",
        "isExternal": true,
        "conformances": [
          {
            "kind": "Conformance",
            "name": "RawRepresentable",
            "printedName": "RawRepresentable",
            "children": [
              {
                "kind": "TypeWitness",
                "name": "RawValue",
                "printedName": "RawValue",
                "children": [
                  {
                    "kind": "TypeNominal",
                    "name": "Int",
                    "printedName": "Swift.Int",
                    "usr": "s:Si"
                  }
                ]
              }
            ],
            "usr": "s:SY",
            "mangledName": "$sSY"
          },
          {
            "kind": "Conformance",
            "name": "Sendable",
            "printedName": "Sendable",
            "usr": "s:s8SendableP",
            "mangledName": "$ss8SendableP"
          },
          {
            "kind": "Conformance",
            "name": "Equatable",
            "printedName": "Equatable",
            "usr": "s:SQ",
            "mangledName": "$sSQ"
          },
          {
            "kind": "Conformance",
            "name": "Hashable",
            "printedName": "Hashable",
            "usr": "s:SH",
            "mangledName": "$sSH"
          },
          {
            "kind": "Conformance",
            "name": "Decodable",
            "printedName": "Decodable",
            "usr": "s:Se",
            "mangledName": "$sSe"
          },
          {
            "kind": "Conformance",
            "name": "Encodable",
            "printedName": "Encodable",
            "usr": "s:SE",
            "mangledName": "$sSE"
          }
        ]
      }
    ],
    "json_format_version": 8
  },
  "ConstValues": [
    {
      "filePath": "\/Users\/eminkura\/Documents\/GitHub\/ScateSDK\/ScateSDK\/KeyChainHelper.swift",
      "kind": "StringLiteral",
      "offset": 298,
      "length": 19,
      "value": "\"io.scate.scatesdk\""
    },
    {
      "filePath": "\/Users\/eminkura\/Documents\/GitHub\/ScateSDK\/ScateSDK\/KeyChainHelper.swift",
      "kind": "StringLiteral",
      "offset": 344,
      "length": 13,
      "value": "\"userDetails\""
    },
    {
      "filePath": "\/Users\/eminkura\/Documents\/GitHub\/ScateSDK\/ScateSDK\/ULID\/Data+Base32.swift",
      "kind": "StringLiteral",
      "offset": 227,
      "length": 34,
      "value": "\"0123456789ABCDEFGHJKMNPQRSTVWXYZ\""
    },
    {
      "filePath": "\/Users\/eminkura\/Documents\/GitHub\/ScateSDK\/ScateSDK\/ULID\/Data+Base32.swift",
      "kind": "Array",
      "offset": 319,
      "length": 1854,
      "value": "[0xff, 0xff, 0xff, 0xff, 0xff, 0xff, 0xff, 0xff, 0xff, 0xff, 0xff, 0xff, 0xff, 0xff, 0xff, 0xff, 0xff, 0xff, 0xff, 0xff, 0xff, 0xff, 0xff, 0xff, 0xff, 0xff, 0xff, 0xff, 0xff, 0xff, 0xff, 0xff, 0xff, 0xff, 0xff, 0xff, 0xff, 0xff, 0xff, 0xff, 0xff, 0xff, 0xff, 0xff, 0xff, 0xff, 0xff, 0xff, 0x00, 0x01, 0x02, 0x03, 0x04, 0x05, 0x06, 0x07, 0x08, 0x09, 0xff, 0xff, 0xff, 0xff, 0xff, 0xff, 0xff, 0x0a, 0x0b, 0x0c, 0x0d, 0x0e, 0x0f, 0x10, 0x11, 0x01, 0x12, 0x13, 0x01, 0x14, 0x15, 0x00, 0x16, 0x17, 0x18, 0x19, 0x1a, 0xff, 0x1b, 0x1c, 0x1d, 0x1e, 0x1f, 0xff, 0xff, 0xff, 0xff, 0xff, 0xff, 0x0a, 0x0b, 0x0c, 0x0d, 0x0e, 0x0f, 0x10, 0x11, 0x01, 0x12, 0x13, 0x01, 0x14, 0x15, 0x00, 0x16, 0x17, 0x18, 0x19, 0x1a, 0xff, 0x1b, 0x1c, 0x1d, 0x1e, 0x1f, 0xff, 0xff, 0xff, 0xff, 0xff, 0xff, 0xff, 0xff, 0xff, 0xff, 0xff, 0xff, 0xff, 0xff, 0xff, 0xff, 0xff, 0xff, 0xff, 0xff, 0xff, 0xff, 0xff, 0xff, 0xff, 0xff, 0xff, 0xff, 0xff, 0xff, 0xff, 0xff, 0xff, 0xff, 0xff, 0xff, 0xff, 0xff, 0xff, 0xff, 0xff, 0xff, 0xff, 0xff, 0xff, 0xff, 0xff, 0xff, 0xff, 0xff, 0xff, 0xff, 0xff, 0xff, 0xff, 0xff, 0xff, 0xff, 0xff, 0xff, 0xff, 0xff, 0xff, 0xff, 0xff, 0xff, 0xff, 0xff, 0xff, 0xff, 0xff, 0xff, 0xff, 0xff, 0xff, 0xff, 0xff, 0xff, 0xff, 0xff, 0xff, 0xff, 0xff, 0xff, 0xff, 0xff, 0xff, 0xff, 0xff, 0xff, 0xff, 0xff, 0xff, 0xff, 0xff, 0xff, 0xff, 0xff, 0xff, 0xff, 0xff, 0xff, 0xff, 0xff, 0xff, 0xff, 0xff, 0xff, 0xff, 0xff, 0xff, 0xff, 0xff, 0xff, 0xff, 0xff, 0xff, 0xff, 0xff, 0xff, 0xff, 0xff, 0xff, 0xff, 0xff, 0xff, 0xff, 0xff, 0xff, 0xff, 0xff, 0xff, 0xff]"
    },
    {
      "filePath": "\/Users\/eminkura\/Documents\/GitHub\/ScateSDK\/ScateSDK\/ULID\/Data+Base32.swift",
      "kind": "BooleanLiteral",
      "offset": 4166,
      "length": 4,
      "value": "true"
    },
    {
      "filePath": "\/Users\/eminkura\/Documents\/GitHub\/ScateSDK\/ScateSDK\/ScateQueueWorker.swift",
      "kind": "StringLiteral",
      "offset": 231,
      "length": 25,
      "value": "\"https:\/\/api.scate.tech\/\""
    },
    {
      "filePath": "\/Users\/eminkura\/Documents\/GitHub\/ScateSDK\/ScateSDK\/ScateQueueWorker.swift",
      "kind": "StringLiteral",
      "offset": 301,
      "length": 10,
      "value": "\"v1\/event\""
    },
    {
      "filePath": "\/Users\/eminkura\/Documents\/GitHub\/ScateSDK\/ScateSDK\/ScateQueueWorker.swift",
      "kind": "BooleanLiteral",
      "offset": 387,
      "length": 4,
      "value": "true"
    },
    {
      "filePath": "\/Users\/eminkura\/Documents\/GitHub\/ScateSDK\/ScateSDK\/ScateCoreSDK.swift",
      "kind": "BooleanLiteral",
      "offset": 759,
      "length": 5,
      "value": "false"
    },
    {
      "filePath": "\/Users\/eminkura\/Documents\/GitHub\/ScateSDK\/ScateSDK\/ScateCoreSDK.swift",
      "kind": "BooleanLiteral",
      "offset": 818,
      "length": 5,
      "value": "false"
    },
    {
      "filePath": "\/Users\/eminkura\/Documents\/GitHub\/ScateSDK\/ScateSDK\/ScateTaskQueue.swift",
      "kind": "Array",
      "offset": 166,
      "length": 2,
      "value": "[]"
    },
    {
      "filePath": "\/Users\/eminkura\/Documents\/GitHub\/ScateSDK\/ScateSDK\/ScateTaskQueue.swift",
      "kind": "IntegerLiteral",
      "offset": 266,
      "length": 1,
      "value": "1"
    }
  ]
}